{"cameraMode":{"drawMode":0,"name":"Shaded","section":"Shading Mode"},"sceneLighting":false,"audioPlay":false,"sceneViewState":{"showFog":true,"showMaterialUpdate":false,"showSkybox":false,"showFlares":true,"showImageEffects":true,"showParticleSystems":true},"in2DMode":false,"pivot":{"x":0.9114236831665039,"y":1.24961256980896,"z":-0.5113556385040283},"rotation":{"x":-0.13902387022972108,"y":0.40892210602760317,"z":-0.06318756937980652,"w":-0.8997011184692383},"size":1.1660287380218506,"orthographic":false}