{"cameraMode":{"drawMode":0,"name":"Shaded","section":"Shading Mode"},"sceneLighting":false,"audioPlay":false,"sceneViewState":{"showFog":true,"showMaterialUpdate":false,"showSkybox":false,"showFlares":true,"showImageEffects":true,"showParticleSystems":true},"in2DMode":false,"pivot":{"x":3.3417606353759767,"y":-0.9243426322937012,"z":0.8853964805603027},"rotation":{"x":-0.37046149373054507,"y":0.3302605450153351,"z":-0.1428784877061844,"w":-0.8563159108161926},"size":8.08184814453125,"orthographic":false}